radius,Vobs,errV,Vgas,Vdisk,Vbul,literal_m1_Vbar,literal_m1_Vmodel,literal_m1_residual,literal_m1_standardized_residual,signed_m1_Vbar,signed_m1_Vmodel,signed_m1_residual,signed_m1_standardized_residual,literal_fiducial_Vbar,literal_fiducial_Vmodel,literal_fiducial_residual,literal_fiducial_standardized_residual,signed_fiducial_Vbar,signed_fiducial_Vmodel,signed_fiducial_residual,signed_fiducial_standardized_residual
0.32,24.4,35.9,0.0,63.28,0.0,63.28,64.53019646833452,40.130196468334525,1.1178327707056972,63.28,64.53021032400912,40.13021032400912,1.1178331566576356,44.74571711348473,50.86709140555928,26.46709140555928,0.7372448859487265,44.74571711348473,50.86721802086417,26.467218020864173,0.7372484128374421
0.64,43.3,16.3,0.0,73.66,0.0,73.66,75.79814811601797,32.49814811601797,1.9937514181606117,73.66,75.79817170018211,32.49817170018211,1.9937528650418472,52.08548550220109,62.30696120345643,19.006961203456434,1.1660712394758548,52.08548550220109,62.30716717452264,19.007167174522642,1.1660838757375853
0.96,45.5,16.1,0.0,78.98,0.0,78.98,81.95825616555878,36.45825616555878,2.264487960593713,78.98,81.95828886509878,36.45828886509878,2.264489991621042,55.84729357811353,69.78224209634116,24.282242096341164,1.5082137948037988,55.84729357811353,69.78251625907349,24.28251625907349,1.508230823544937
1.28,58.5,15.4,0.35,82.7,0.0,82.70074062546236,86.47799373326457,27.97799373326457,1.8167528398223745,82.70074062546236,86.4780350225155,27.9780350225155,1.8167555209425648,58.47877820201103,75.81506700314058,17.315067003140584,1.124355000203934,58.47877820201103,75.81540057538098,17.315400575380977,1.1243766607390244
1.61,68.8,7.61,0.15,84.22,0.0,84.22013357861645,88.86347878542571,20.063478785425716,2.636462389674864,84.22013357861645,88.86352927425723,20.063529274257235,2.636469024212514,59.55272202007227,80.4045445412105,11.604544541210501,1.5249072984507885,59.55272202007227,80.4049356585597,11.604935658559697,1.5249586936346513
1.93,76.9,10.3,-0.05,83.17,0.0,83.17001502945638,88.77242505761346,11.872425057613455,1.1526626269527624,83.16998497054091,88.77245740880302,11.872457408803015,1.1526657678449528,58.810092246144286,83.32405346144076,6.424053461440749,0.6236945108194902,58.81004973641835,83.32446978972999,6.424469789729983,0.6237349310417458
2.24,82.0,8.09,-0.47,87.04,0.0,87.04126894755154,93.24174435539997,11.241744355399973,1.3895852108034579,87.03873103394834,93.23944199095997,11.239441990959975,1.3893006169295397,61.54836878423343,88.39449905353858,6.394499053538581,0.7904201549491447,61.5447796323945,88.39248083829033,6.392480838290325,0.7901706845847126
2.57,86.9,7.6,-0.95,88.91,0.0,88.91507521224958,95.85490662431712,8.954906624317118,1.1782771874101472,88.90492449802767,95.84556529487261,8.945565294872608,1.177048065114817,62.876041144461375,92.44465647572794,5.544656475727933,0.7295600625957808,62.861685866670804,92.43541105182626,5.535411051826259,0.7283435594508235
2.89,97.6,3.03,-1.43,88.98,0.0,88.99149004258778,96.75282568780068,-0.8471743121993143,-0.2795954825740311,88.96850847350427,96.73177082738896,-0.8682291726110378,-0.2865442813897815,62.93460971516388,95.36113989376723,-2.2388601062327638,-0.738897724829295,62.90210886766834,95.34024659260689,-2.259753407393106,-0.7457932037601009
3.21,100.0,5.31,-1.14,93.81,0.0,93.81692651115789,101.99256200570034,1.9925620057003357,0.37524708205279395,93.80307297738172,101.97990610390191,1.9799061039019108,0.3728636730512073,66.34348234755242,100.32116362565347,0.3211636256534689,0.06048279202513539,66.32389049203914,100.30877877606049,0.30877877606049253,0.0581504286366276
3.54,107.0,7.51,-0.39,101.22,0.0,101.22075133094003,109.59288629934446,2.592886299344457,0.34525782947329653,101.21924866348297,109.59158749482974,2.5915874948297386,0.3450848861291263,71.57441093016415,106.39723928846986,-0.6027607115301379,-0.08026108009722209,71.57228583746644,106.39638747381774,-0.6036125261822605,-0.0803745041520986
3.85,113.0,7.32,0.36,108.53,0.0,108.53059706829222,117.03790302115159,4.0379030211515925,0.5516260957857366,108.53059706829222,117.03799350415801,4.03799350415801,0.5516384568521872,76.74314334192991,112.14936783893674,-0.8506321610632597,-0.11620657938022673,76.74314334192991,112.14994822958393,-0.8500517704160728,-0.1161272910404471
4.17,117.0,5.21,1.52,115.51,0.0,115.52000043282548,124.1881527652152,7.188152765215193,1.3796838320950466,115.52000043282548,124.18824487304538,7.188244873045377,1.3797015111411473,81.69204643048184,117.70863873840284,0.7086387384028399,0.13601511293720536,81.69204643048184,117.70922012472955,0.7092201247295549,0.13612670340298558
4.5,119.0,5.67,3.07,120.51,0.0,120.54909788131971,129.51277550568523,10.512775505685227,1.854105027457712,120.54909788131971,129.51287052450724,10.512870524507235,1.8541217856273784,85.26872199112638,122.26083867546976,3.2608386754697563,0.5751038228341722,85.26872199112638,122.26142312929758,3.261423129297583,0.5752069011106848
4.82,127.0,5.39,4.63,125.42,0.0,125.50543135657517,134.72789315354697,7.727893153546972,1.4337464106766182,125.50543135657517,134.7279906771656,7.727990677165593,1.433764504112355,88.80610958712244,126.60824971367244,-0.39175028632756437,-0.0726809436600305,88.80610958712244,126.60883395194826,-0.39116604805174404,-0.07257255065895066
5.15,132.0,4.34,6.02,129.4,0.0,129.5399567701024,139.0822623352119,7.082262335211908,1.6318576809244028,129.5399567701024,139.08236291725765,7.0823629172576545,1.6318808565109804,91.69743944080446,130.45058267610034,-1.549417323899661,-0.3570085999768804,91.69743944080446,130.45116629557307,-1.5488337044269258,-0.3568741254439921
5.46,134.0,2.36,7.16,133.15,0.0,133.342371735319,143.16656574005268,9.166565740052675,3.884138025446049,133.342371735319,143.16666896829742,9.166668968297415,3.8841817662277185,94.42312666926468,133.97062700905647,-0.02937299094352852,-0.012446182603190052,94.42312666926468,133.97120755136322,-0.028792448636778545,-0.012200190100329893
5.78,137.0,0.89,8.31,136.45,0.0,136.70281123663844,146.84032327658116,9.84032327658116,11.056543007394561,136.70281123663844,146.84042940841573,9.84042940841573,11.056662256646888,96.84191938411794,137.2345332233927,0.23453322339270244,0.26352047572213755,96.84191938411794,137.23510947816268,0.23510947816268413,0.2641679529917799
6.1,140.0,2.84,9.46,139.41,0.0,139.73059686410846,150.1891871002395,10.189187100239508,3.5877419367040524,139.73059686410846,150.1892961615265,10.1892961615265,3.587780338565669,99.03062985763546,140.2484484739255,0.2484484739254924,0.08748185701601846,99.03062985763546,140.24901892756031,0.2490189275603143,0.08768272097194166
6.43,142.0,0.88,10.61,141.85,0.0,142.2462463476629,153.0639399435346,11.063939943534592,12.572659026743855,142.2462463476629,153.06405224188137,11.06405224188137,12.572786638501556,100.8626955320945,142.97004940312084,0.9700494031208393,1.102328867182772,100.8626955320945,142.9706129550748,0.970612955074813,1.1029692671304694
6.74,144.0,1.23,11.77,142.32,0.0,142.80586577588468,154.07932942566245,10.07932942566245,8.194576768831261,142.80586577588468,154.07944584549548,10.079445845495485,8.19467141910202,101.32139014048316,144.5637163218982,0.5637163218981982,0.45830595276276276,101.32139014048316,144.56427497828787,0.5642749782878695,0.4587601449494874
7.06,146.0,1.57,12.87,140.94,0.0,141.5263950646663,153.4068584927838,7.406858492783812,4.717744262919625,141.5263950646663,153.4069803877513,7.406980387751304,4.717821903026308,100.48720664840873,145.23376713842862,-0.7662328615713818,-0.48804640864419224,100.48720664840873,145.23432230927605,-0.7656776907239475,-0.487692796639457
8.04,147.0,3.0,16.39,135.68,0.0,136.66636199153032,150.5352035868488,3.5352035868488088,1.1784011956162697,136.66636199153032,150.53534278027075,3.535342780270753,1.1784475934235843,97.33017671822034,146.58372235346525,-0.41627764653475197,-0.138759215511584,97.33017671822034,146.58425695717116,-0.41574304282883645,-0.1385810142762788
9.04,148.0,3.0,20.03,130.79,0.0,132.3148706684173,148.24482546745222,0.24482546745221612,0.0816084891507387,132.3148706684173,148.24498142638373,0.2449814263837311,0.0816604754612437,94.62670315508197,147.8850453161201,-0.11495468387988694,-0.038318227959962314,94.62670315508197,147.8855434573208,-0.11445654267919281,-0.03815218089306427
10.04,152.0,2.0,23.68,128.1,0.0,130.27030513513046,148.06286153047952,-3.9371384695204767,-1.9685692347602384,130.27030513513046,148.06303130761967,-3.936968692380333,-1.9684843461901664,93.62450213485782,149.84994919156748,-2.1500508084325247,-1.0750254042162624,93.62450213485782,149.85039784106291,-2.1496021589370855,-1.0748010794685428
11.04,155.0,2.0,27.08,126.67,0.0,129.53229442884117,149.03124988861555,-5.968750111384452,-2.984375055692226,129.53229442884117,149.0314310095491,-5.968568990450905,-2.9842844952254524,93.57334476227726,151.99619387483554,-3.003806125164459,-1.5019030625822296,93.57334476227726,151.99658647322062,-3.003413526779383,-1.5017067633896914
12.05,156.0,2.0,30.11,124.98,0.0,128.5558730669276,149.79539161270066,-6.204608387299345,-3.1023041936496725,128.5558730669276,149.79558312865421,-6.204416871345785,-3.1022084356728925,93.36279933678082,153.69707442337054,-2.3029255766294625,-1.1514627883147313,93.36279933678082,153.69740915017988,-2.3025908498201204,-1.1512954249100602
14.05,157.0,2.0,34.48,118.12,0.0,123.04960300626736,148.29605110710358,-8.70394889289642,-4.35197444644821,123.04960300626736,148.29626332565954,-8.703736674340462,-4.351868337170231,90.36059760758558,154.66229125022315,-2.3377087497768514,-1.1688543748884257,90.36059760758558,154.66251752090196,-2.3374824790980426,-1.1687412395490213
16.07,153.0,2.0,36.43,108.22,0.0,114.18718535807773,144.28449816116384,-8.715501838836161,-4.357750919418081,114.18718535807773,144.28472991204112,-8.715270087958885,-4.3576350439794425,84.75216280426123,153.38555549450686,0.38555549450686044,0.19277774725343022,84.75216280426123,153.38568499740416,0.3856849974041552,0.1928424987020776
18.13,153.0,2.0,37.76,101.1,0.0,107.92139546910983,142.65897913303363,-10.341020866966375,-5.170510433483187,107.92139546910983,142.65922096574744,-10.340779034252563,-5.1703895171262815,80.84814530958641,152.59306420861185,-0.4069357913881504,-0.2034678956940752,80.84814530958641,152.59310975291586,-0.4068902470841351,-0.20344512354206756
20.05,154.0,2.0,39.83,96.4,0.0,104.30430911520388,142.91470612160816,-11.085293878391838,-5.542646939195919,104.30430911520388,142.91494810555935,-11.085051894440653,-5.5425259472203265,78.94877389801567,152.42779068031206,-1.5722093196879428,-0.7861046598439714,78.94877389801567,152.42777325360797,-1.5722267463920332,-0.7861133731960166
22.12,153.0,2.0,40.92,91.56,0.0,100.28798532227079,143.1226617067152,-9.877338293284794,-4.938669146642397,100.28798532227079,143.1228968900986,-9.877103109901412,-4.938551554950706,76.59022914184288,151.821545993043,-1.178454006956997,-0.5892270034784985,76.59022914184288,151.821475930738,-1.1785240692620107,-0.5892620346310053
24.03,150.0,2.0,41.77,87.03,0.0,96.53472846597747,143.29686802931366,-6.703131970686343,-3.3515659853431714,96.53472846597747,143.29709037395872,-6.702909626041276,-3.351454813020638,74.3763628446565,151.08758347989658,1.0875834798965798,0.5437917399482899,74.3763628446565,151.08747643111377,1.087476431113771,0.5437382155568855
26.1,149.0,2.0,43.71,82.67,0.0,93.51413262175937,144.1766075532748,-4.823392446725194,-2.411696223362597,93.51413262175937,144.1768079008634,-4.823192099136605,-2.4115960495683026,72.99129091884866,150.67819610128916,1.67819610128916,0.83909805064458,72.99129091884866,150.67805932417374,1.678059324173745,0.8390296620868725
28.16,148.0,2.0,45.41,79.06,0.0,91.1731961708045,145.4231308295189,-2.5768691704811033,-1.2884345852405517,91.1731961708045,145.42330191829328,-2.5766980817067235,-1.2883490408533618,72.02298174888347,150.3854931862793,2.385493186279291,1.1927465931396455,72.02298174888347,150.38533500633326,2.385335006333264,1.192667503166632
30.08,146.0,2.0,45.29,76.07,0.0,88.53151416303687,146.23705045123776,0.23705045123776358,0.11852522561888179,88.53151416303687,146.23718883908234,0.2371888390823358,0.1185944195411679,70.31718531056259,149.683696439054,3.683696439053989,1.8418482195269945,70.31718531056259,149.68352325388375,3.683523253883749,1.8417616269418744
32.14,147.0,2.0,44.56,73.27,0.0,85.75597063761799,147.0909672311583,0.09096723115828809,0.04548361557914404,85.75597063761799,147.09106459864228,0.09106459864227645,0.045532299321138225,68.33622794682188,148.84023191419044,1.84023191419044,0.92011595709522,68.33622794682188,148.84004673416393,1.8400467341639342,0.9200233670819671
34.06,148.0,2.0,44.81,70.91,0.0,83.88184666541385,148.23657699709753,0.23657699709752933,0.11828849854876466,83.88184666541385,148.23663086698588,0.23663086698587676,0.11831543349293838,67.2461905984272,148.3903477403434,0.39034774034340103,0.19517387017170051,67.2461905984272,148.39015468922244,0.3901546892224417,0.19507734461122084
36.12,148.0,2.0,45.9,68.62,0.0,82.55612878520891,149.7574971780488,1.7574971780487942,0.8787485890243971,82.55612878520891,149.75749961802887,1.7574996180288736,0.8787498090144368,66.79193214752813,148.21871721849584,0.21871721849583992,0.10935860924791996,66.79193214752813,148.2185183928881,0.21851839288808605,0.10925919644404303
38.19,149.0,2.0,46.75,66.59,0.0,81.3620955973972,151.2523816666682,2.2523816666682137,1.1261908333341069,81.3620955973972,151.25232826417982,2.2523282641798232,1.1261641320899116,66.35266799458783,148.04331320289467,-0.9566867971053341,-0.47834339855266705,66.35266799458783,148.04311026653576,-0.9568897334642372,-0.4784448667321186
40.1,150.0,2.0,47.48,64.84,0.0,80.36526612909336,152.59132372067316,2.5913237206731594,1.2956618603365797,80.36526612909336,152.59121560167588,2.5912156016758843,1.2956078008379421,66.0035089976283,147.90056304830858,-2.099436951691416,-1.049718475845708,66.0035089976283,147.90035741172744,-2.099642588272559,-1.0498212941362794
42.17,150.0,3.0,48.93,63.1,0.0,79.84832434058964,154.23110989290313,4.2311098929031346,1.4103699643010448,79.84832434058964,154.23093981932945,4.23093981932945,1.4103132731098167,66.21895423517348,148.0064353087242,-1.9935646912757932,-0.6645215637585977,66.21895423517348,148.00622792487576,-1.993772075124241,-0.6645906917080803
44.08,149.0,3.0,47.84,61.63,0.0,78.01873172514406,154.95848183852019,5.958481838520186,1.986160612840062,78.01873172514406,154.958251455966,5.958251455966007,1.9860838186553356,64.71316751635636,147.34475836788206,-1.655241632117935,-0.5517472107059783,64.71316751635636,147.3445488322048,-1.6554511677952064,-0.5518170559317355
