radius_kpc,start_00_Vmodel_km_s,start_01_Vmodel_km_s,start_02_Vmodel_km_s,start_03_Vmodel_km_s,start_04_Vmodel_km_s,start_05_Vmodel_km_s,start_06_Vmodel_km_s,start_07_Vmodel_km_s,start_08_Vmodel_km_s,start_09_Vmodel_km_s,start_10_Vmodel_km_s,start_11_Vmodel_km_s,start_12_Vmodel_km_s,start_13_Vmodel_km_s,start_14_Vmodel_km_s,start_15_Vmodel_km_s
0.32000000000000001,64.530196608855974,64.530196576980217,64.530196542956006,64.530196506642653,64.530196534355127,64.530196307944436,64.530196260725646,64.53019620997469,64.530196524035446,64.530196572605888,64.530196387762629,64.530196524092929,64.53019650145535,64.53019621911632,64.530196337198646,64.530196344838757
0.64000000000000001,75.798148355180629,75.798148300926968,75.798148243019895,75.798148181215709,75.798148228382615,75.798147843031458,75.798147762666559,75.798147676292373,75.79814821081699,75.798148293484232,75.798147978882838,75.798148210915684,75.798148172388053,75.79814769184965,75.798147892825952,75.798147905825971
0.95999999999999996,81.958256497105182,81.95825642188926,81.958256341616121,81.95825625593794,81.95825632132734,81.958255787104235,81.958255675695654,81.958255555961884,81.958256296972067,81.958256411576656,81.958255975440565,81.958256297110879,81.958256243702536,81.958255577525264,81.958255856144547,81.958255874158851
1.28,86.477994151808701,86.477994056846995,86.477993955514208,86.477993847353588,86.477993929906248,86.477993255470295,86.477993114827527,86.477992963684557,86.477993899152352,86.477994043837455,86.477993493240731,86.477993899331139,86.477993831911505,86.477992990900177,86.477993342646627,86.477993365374829
1.6100000000000001,88.863479297070342,88.863479180970586,88.863479057103973,88.86347892488341,88.863479025807266,88.863478201297156,88.863478029368977,88.863477844620476,88.863478988199844,88.863479165081998,88.863478491980885,88.863478988424148,88.863478906012759,88.863477877880158,88.863478307897182,88.863478335659792
1.9299999999999999,88.772425670621573,88.772425531499721,88.772425383102828,88.772425224686501,88.772425345616497,88.772424357684017,88.77242415169323,88.772423930364383,88.772425300540476,88.772425512484489,88.772424705990076,88.772425300817432,88.772425202086367,88.772423970199355,88.772424485448994,88.772424518681433
2.2400000000000002,93.241745031559518,93.241744878078691,93.241744714405868,93.241744539668218,93.241744673071196,93.241743583266896,93.241743356053391,93.241743111949674,93.241744623328657,93.241744857131167,93.241743967498081,93.241744623644522,93.241744514751261,93.241743155870864,93.241743724252245,93.241743760870008
2.5699999999999998,95.854907377286025,95.854907206333564,95.854907024084213,95.854906829494993,95.854906978072535,95.854905764338454,95.854905511311884,95.854905239514764,95.854906922648112,95.854907183042982,95.85490619227599,95.85490692301407,95.854906801763235,95.854905288401184,95.854905921419032,95.854905962143988
2.8900000000000001,96.752826524639261,96.752826334600101,96.752826132070652,96.752825915804593,96.752826080956609,96.752824731868557,96.752824450655581,96.752824148628349,96.752826019320267,96.752826308760135,96.75282520754449,96.752826019744461,96.752825885003176,96.752824202930441,96.752824906543538,96.752824951740266
3.21,101.99256288506362,101.99256268531427,101.99256247251644,101.99256224525776,101.99256241883171,101.99256100099778,101.9925607054912,101.99256038816817,101.99256235401795,101.99256265821407,101.99256150093102,101.99256235448426,101.99256221291381,101.99256044519487,101.99256118466448,101.99256123208201
3.54,109.59288719906725,109.59288699463082,109.59288677693355,109.59288654440989,109.59288672203722,109.59288527115305,109.59288496880065,109.59288464419173,109.5928866556697,109.59288696696517,109.5928857827612,109.59288665617098,109.59288651134368,109.5928847024979,109.59288545920752,109.59288550763387
3.8500000000000001,117.03790393450157,117.03790372690331,117.03790350593754,117.03790326988853,117.03790345024261,117.03790197714865,117.03790167021252,117.03790134075106,117.03790338281414,117.03790369888368,117.0379024966107,117.03790338334832,117.03790323634941,117.03790139989748,117.03790216819348,117.03790221725986
4.1699999999999999,124.18815369419107,124.18815348296619,124.18815325825294,124.18815301816149,124.18815320164283,124.18815170307778,124.18815139088555,124.18815105586083,124.1881531329969,124.18815345454169,124.18815223154736,124.18815313356923,124.18815298408053,124.18815111597006,124.18815189755382,124.18815194735264
4.5,129.51277646312519,129.51277624534166,129.51277601378115,129.51277576632856,129.51277595548004,129.51277441068768,129.51277408892412,129.51277374371884,129.51277588465692,129.51277621613232,129.51277495548891,129.51277588528035,129.51277573124031,129.51277380561308,129.51277461131068,129.51277466251162
4.8200000000000003,134.72789413526371,134.72789391186487,134.72789367447388,134.72789342074182,134.7278936147413,134.72789203044496,134.72789170051664,134.7278913466495,134.72789354204298,134.72789388200755,134.72789258920977,134.72789354271828,134.72789338480365,134.72789141005208,134.72789223635729,134.72789228872344
5.1500000000000004,139.08226334661583,139.08226311635468,139.0822628718318,139.08226261042111,139.08226281034649,139.08226117775823,139.08226083784584,139.08226047338201,139.08226273535888,139.08226308570053,139.0822617535915,139.08226273609588,139.08226257344165,139.08226053863206,139.08226139012899,139.0822614439264
5.46,143.16656677693075,143.1665665407599,143.16656629012658,143.16656602212581,143.16656622714797,143.16656455304476,143.16656420456377,143.1665638310279,143.1665661501778,143.16656650944313,143.16656514355836,143.166566150976,143.16656598426189,143.16656389784927,143.16656477100364,143.16656482599879
5.7800000000000002,146.8403243413417,146.84032409869542,146.84032384137706,146.84032356616282,146.84032377676752,146.84032205719927,146.84032169933917,146.84032131588046,146.84032369762136,146.84032406666037,146.84032266379245,146.84032369848927,146.84032352733388,146.84032138441711,146.84032228128987,146.84032233758595
6.0999999999999996,150.18918819298827,150.18918794382748,150.18918767980509,150.1891873973492,150.18918761356574,150.18918584830797,150.18918548103221,150.18918508762718,150.18918753222297,150.18918791108584,150.18918647106494,150.18918753316643,150.18918735755776,150.1891851578761,150.18918607858495,150.18918613616623
6.4299999999999997,153.0639410671381,153.06394081078818,153.06394053937842,153.06394024893882,153.063940471346,153.06393865569274,153.06393827803652,153.06393787367372,153.06394038757534,153.06394077727495,153.06393929628089,153.063940388605,153.06394020808941,153.06393794580543,153.06393889280582,153.06393895179335
6.7400000000000002,154.07933058887653,154.07933032333077,154.07933004242258,154.07932974173551,154.07932997207155,154.07932809184149,154.07932770086123,154.07932728239851,154.0793298852125,154.07933028879381,154.07932875526728,154.07932988633988,154.07932969951369,154.0793273569692,154.07932833765813,154.0793283984986
7.0599999999999996,153.40685970884786,153.40685943105595,153.40685913746444,153.40685882310601,153.40685906400807,153.40685709770082,153.40685668894469,153.4068562516465,153.40685897304823,153.40685939512994,153.40685779156001,153.40685897429697,153.40685877904315,153.4068563294866,153.40685735507944,153.40685741842546
8.0399999999999991,150.53520496827934,150.53520465200668,150.53520431880065,150.53520396165607,150.53520423570961,150.53520199948423,150.53520153509703,150.53520103902224,150.53520413177964,150.53520461189615,150.5352027888305,150.53520413347115,150.53520391190207,150.53520112698561,150.5352022933937,150.53520236434707
9.0399999999999991,148.24482700570763,148.24482665258992,148.24482628197001,148.24482588423027,148.24482618991874,148.24482369645486,148.24482317928693,148.24482262781547,148.24482607338874,148.24482660886076,148.24482457692125,148.24482607563633,148.24482582922914,148.24482272514882,148.24482402577229,148.24482410343771
10.039999999999999,148.06286319304604,148.06286281020627,148.06286241015576,148.06286198020939,148.06286231126114,148.06285961204014,148.06285905300032,148.06285845812167,148.06286218430378,148.06286276412149,148.06286056556368,148.06286218719188,148.06286192126902,148.06285856254451,148.06285997054471,148.06286005279409
11.039999999999999,149.03125164766803,149.03125124115527,149.03125081852676,149.03125036355007,149.03125071462384,149.03124785353566,149.03124726195665,149.03124663397705,149.03125057905871,149.03125119384214,149.03124886473324,149.03125058267761,149.03125030180965,149.03124674350718,149.0312482360051,149.03124832095054
12.050000000000001,149.7953934549783,149.79539302745053,149.79539258560848,149.79539210900941,149.79539247768483,149.79538947483942,149.79538885515416,149.79538819920515,149.7953923341874,149.79539297966986,149.79539053674111,149.79539233866717,149.79539204510777,149.79538831275059,149.79538987927327,149.79538996569394
14.050000000000001,148.29605310155637,148.29605263394822,148.29605215770104,148.29605164147657,148.29605204325699,148.29604877527581,148.29604810409015,148.29604739861745,148.29605188384542,148.29605258695733,148.29604993254637,148.29605189053984,148.29605157432886,148.29604751842123,148.29604922346402,148.2960493102197
16.07,144.28450027295477,144.28449977095838,144.2844992697112,144.28449872274436,144.28449915198934,144.28449566707366,144.28449495594839,144.28449421569445,144.28449897733861,144.28449972803841,144.28449690347503,144.28449898708888,144.28449865457912,144.28449433804289,144.28449615656277,144.28449623860399
18.129999999999999,142.65898124594241,142.65898073396028,142.65898023671394,142.65897968893219,142.65898012381282,142.65897660218533,142.6589758900445,142.65897515890038,142.65897994078719,142.65898070067783,142.65897785485174,142.65897995430467,142.65897962487585,142.65897527494877,142.65897711303734,142.6589771812462
20.050000000000001,142.91470812637422,142.91470762836852,142.91470716193902,142.91470664153294,142.91470706095927,142.91470367571262,142.91470299921653,142.91470231744688,142.91470687688192,142.91470760894208,142.91470488390323,142.9147068944402,142.9147065859695,142.91470241954883,142.91470418696687,142.91470423422891
22.120000000000001,143.12266350364749,143.12266303942332,143.12266262918146,143.12266216176124,143.12266254763588,143.12265944931875,143.12265884178143,143.12265824813645,143.1226623674346,143.12266303974769,143.12266056091852,143.12266239008005,143.12266211956847,143.12265832796734,143.12265994631943,143.12265996320485
24.030000000000001,143.29686954888763,143.29686913341851,143.29686879654807,143.29686840003706,143.29686873909267,143.29686603686389,143.29686552159498,143.29686504196377,143.2968685671938,143.29686915645036,143.29686701366251,143.29686859520652,143.29686837412146,143.29686509447853,143.29686650686841,143.29686648845893
26.100000000000001,144.17660867435694,144.17660833240203,144.17660809942609,144.17660780498051,144.1766080748408,144.17660595412099,144.17660557164567,144.17660525243463,144.17660791782365,144.17660838461407,144.17660673167893,144.17660795220638,144.17660780097304,144.17660526797269,144.17660637781395,144.17660631364257
28.16,145.4231314635916,145.42313121379925,145.42313110677847,145.42313093719557,145.42313112120002,145.42312971947746,145.42312949944588,145.42312937402292,145.4231309843459,145.42313129936909,145.42313024981357,145.42313102561621,145.42313095897396,145.42312934588884,145.42313008153772,145.42312996474905
30.079999999999998,146.23705055854128,146.23705040946388,146.23705043823003,146.23705040375924,146.23705049432641,146.23704987398884,146.23704982973061,146.23704991291166,146.2370503801576,146.237050530093,146.23705013526839,146.23705042847985,146.23705045299025,146.23704983821324,146.23705016715223,146.23704999491844
32.140000000000001,147.09096669749675,147.09096667216875,147.09096686563134,147.09096699562795,147.09096697183381,147.09096730658177,147.09096747628095,147.09096781211443,147.0909668862914,147.09096683426398,147.09096723854861,147.09096694272955,147.0909670777508,147.09096768154356,147.09096751330517,147.09096727532082
34.060000000000002,148.23657580372839,148.23657590701546,148.23657626944308,148.23657656878365,148.23657642659023,148.23657774882531,148.23657813882031,148.23657873347497,148.23657637157402,148.23657611054983,148.236577339847,148.23657643588268,148.23657668422831,148.2365785462145,148.23657786387335,148.23657755999614
36.119999999999997,149.75749522128675,149.75749547447282,149.75749603195194,149.75749652730983,149.75749624751333,149.75749871627443,149.75749936125914,149.75750025436793,149.75749622873249,149.75749572489619,149.75749791104718,149.75749630173468,149.75749668085732,149.75750000220847,149.75749872291621,149.75749834431687
38.189999999999998,151.25237889124375,151.25237930585405,151.2523800722112,151.25238077781441,151.25238035007808,151.25238405078636,151.25238496926625,151.25238618177974,151.25238037072918,151.25237960589274,151.25238281954157,151.252380452794,151.2523809719365,151.25238586046305,151.25238393971293,151.25238348194176
40.100000000000001,152.59132015061022,152.59132072240828,152.59132169129413,152.59132260099997,152.5913220293867,152.59132692768583,152.59132811166805,152.59132963372392,152.59132208873913,152.59132107010879,152.5913252821212,152.59132217940686,152.59132283429255,152.5913292456072,152.59132670126479,152.59132616735965
42.170000000000002,154.23110543301553,154.23110618149769,154.23110737687929,154.23110851517239,154.23110778207635,154.23111402381497,154.23111550514676,154.23111737317123,154.23110788533475,154.23110658190583,154.23111191322889,154.23110798537758,154.23110879204287,154.23111691068985,154.23111366678,154.23111304857412
44.079999999999998,154.95847650808278,154.95847742912562,154.95847884622671,154.95848020813955,154.95847931722346,154.95848687223841,154.95848864445932,154.95849085124775,154.95847946318443,154.95847788139403,154.9584843071795,154.95847957251388,154.95848052777026,154.95849031581866,154.9584863880618,154.95848568695848
